pdb,resolution
1z1i,
1z1j,
2k7x,
2liz,
7jun,
1yo4,
2gdt,
2hsx,
2gri,
2idy,
2jzd,
2jze,
2jzf,
2k87,
2kaf,
2kqv,
2kqw,
2rnk,
1ysy,
2kys,
1ssk,
2jw8,
6yi3,
7acs,
7act,
2mm4,
5x29,
5xer,
5xes,
7k3g,
2fxp,
2rum,
2run,
5xjk,
6yor,
7jwb,
7lb7,
7lc8,
7my8,
7r95,
7n8c,
7wev,
7pku,
7kr0,0.73
7kqo,0.85
7kqp,0.88
2xu3,0.9
7kqw,0.93
5rvi,0.94
6wey,0.95
5s74,0.95
5rvh,0.98
5s3w,0.98
5mae,1.0
5maj,1.0
5rs7,1.0
5rs9,1.0
5rsb,1.0
5rsd,1.0
5rse,1.0
5rsf,1.0
5rsg,1.0
5rsh,1.0
5rsj,1.0
5rsk,1.0
5rsl,1.0
5rsn,1.0
5rsq,1.0
5rsr,1.0
5rss,1.0
5rst,1.0
5rsu,1.0
5rsw,1.0
5rsx,1.0
5rt0,1.0
5rt1,1.0
5rt2,1.0
5rt5,1.0
5rt6,1.0
5rt7,1.0
5rt8,1.0
5rta,1.0
5rte,1.0
5rtf,1.0
5rth,1.0
5rtj,1.0
5rtk,1.0
5rtl,1.0
5rtm,1.0
5rtn,1.0
5rto,1.0
5rtp,1.0
5rtq,1.0
5rtr,1.0
5rts,1.0
5rtt,1.0
5rtu,1.0
5rtv,1.0
5rtw,1.0
5rtx,1.0
5rty,1.0
5rtz,1.0
5ru0,1.0
5ru1,1.0
5ru2,1.0
5ru3,1.0
5ru4,1.0
5ru5,1.0
5ru6,1.0
5ru7,1.0
5ru8,1.0
5ru9,1.0
5rua,1.0
5ruc,1.0
5rud,1.0
5ruf,1.0
5rug,1.0
5ruh,1.0
5rui,1.0
5rul,1.0
5rum,1.0
5run,1.0
5ruo,1.0
5rup,1.0
5ruq,1.0
5rur,1.0
5rus,1.0
5rut,1.0
5ruv,1.0
5ruw,1.0
5rux,1.0
5ruy,1.0
5ruz,1.0
5rv0,1.0
5rv1,1.0
5rv4,1.0
5rv5,1.0
5rv6,1.0
5rv7,1.0
5rv8,1.0
5rv9,1.0
5rva,1.0
5rvb,1.0
5rvc,1.0
5rvd,1.0
5rve,1.0
5rvf,1.0
5rvg,1.0
5rs8,1.01
5rsc,1.01
5rsi,1.01
5rt9,1.01
5rtg,1.01
5rti,1.01
5ruj,1.01
5ruu,1.01
5rv2,1.01
5s1u,1.01
5s3j,1.01
5s4c,1.01
5rsm,1.02
5rsp,1.02
5rsz,1.02
5rt4,1.02
5rue,1.02
5rv3,1.02
5s34,1.02
5s3r,1.02
5s44,1.02
5rso,1.03
5rsv,1.03
5rvm,1.03
5s1i,1.03
5s20,1.03
5s2h,1.03
5s2p,1.03
5s2u,1.03
5s49,1.03
5rsy,1.04
5rtb,1.04
5rtd,1.04
5rvp,1.04
5rvr,1.04
5s3b,1.04
5s3s,1.04
5s3y,1.04
5s48,1.04
5s4a,1.04
5rt3,1.05
5ruk,1.05
5s26,1.05
5s27,1.05
5s2i,1.05
5s2j,1.05
5s2m,1.05
5s2y,1.05
5s3e,1.05
5s3t,1.05
5s3u,1.05
5rtc,1.06
5s1a,1.06
5s1g,1.06
5s1k,1.06
5s1y,1.06
5s2d,1.06
5s2o,1.06
5s2w,1.06
5s2x,1.06
5s33,1.06
5s36,1.06
5s4j,1.06
5s73,1.06
6wcf,1.065
5s28,1.07
5s2c,1.07
5s2l,1.07
5s2n,1.07
5s2z,1.07
5s38,1.07
5s39,1.07
5s43,1.07
5s4e,1.07
5rvq,1.08
5s2a,1.08
5s2f,1.08
5s2k,1.08
5s2s,1.08
5s2v,1.08
5s3l,1.08
5s3v,1.08
5s42,1.08
5s4g,1.08
5s4k,1.08
5s1o,1.09
5s2t,1.09
5s3n,1.09
5s3q,1.09
5s47,1.09
2xu4,1.1
5s35,1.1
5s3g,1.1
5s3p,1.1
5s4f,1.1
7luz,1.1
5s1q,1.11
5s1s,1.11
5s1w,1.11
5s2b,1.11
5s2e,1.11
5s2r,1.11
5s4b,1.11
2yj2,1.12
5s1c,1.12
5s3d,1.12
7ltu,1.12
5mqy,1.13
5s18,1.13
5s24,1.13
5s3h,1.13
5s3x,1.13
5s46,1.13
5s4i,1.13
2yjc,1.14
5s1m,1.14
5s3a,1.14
5s22,1.15
5s30,1.15
5s31,1.15
5s3c,1.15
7eq4,1.15
5s1e,1.16
5s3f,1.16
5s45,1.16
2ofz,1.17
5s32,1.17
5s3i,1.17
5s3k,1.17
5s4h,1.17
5s40,1.18
5s41,1.18
5s2g,1.19
5s3o,1.19
7k3t,1.2
5rvj,1.2
5rvu,1.2
7mky,1.2
5s37,1.22
5s4d,1.22
7ek6,1.24
6yb7,1.25
7jkv,1.25
5rvn,1.26
5rvt,1.26
5s3m,1.26
5r8t,1.27
3hha,1.27
7m53,1.27
6xg2,1.28
6xkh,1.28
5s2q,1.28
5s29,1.29
5rgr,1.3
6ynq,1.3
2yj8,1.3
7aph,1.3
7lux,1.3
7lv2,1.3
7aeh,1.3
5r82,1.31
5s3z,1.31
7thh,1.32
5rgj,1.34
5rh4,1.34
7awr,1.34
7kgq,1.34
7d1m,1.35
7k40,1.35
2yj9,1.35
6wen,1.35
7ak4,1.359
6zco,1.36
5rvl,1.36
6h5w,1.37
6ezp,1.37
6xhn,1.377
6y84,1.39
7ce0,1.39
7aqe,1.39
7kgp,1.396
5rfc,1.4
7brr,1.4
2yjb,1.4
2acf,1.4
4m0w,1.4
7ar5,1.4
7ar6,1.4
7axm,1.4
7jq2,1.4
7eam,1.4
6xhm,1.406
5rfd,1.41
6yvf,1.41
5i4h,1.419
6wzo,1.42
5rvv,1.42
7nfv,1.42
7n0r,1.42
5rf8,1.43
5rf9,1.43
5rfw,1.43
5rgk,1.43
5rgw,1.43
5rhb,1.43
5f02,1.43
6wnp,1.44
6yun,1.44
7m8u,1.44
6xho,1.446
5rf6,1.45
6xbg,1.45
6xr3,1.45
2xu1,1.45
6w6y,1.45
7kg3,1.45
6wzq,1.45
5rvk,1.45
7djr,1.45
7t44,1.45
7t46,1.45
6jd8,1.457
5rfe,1.46
6w79,1.46
7kph,1.46
5red,1.47
7aol,1.47
7p51,1.47
6xhl,1.471
7nts,1.477
5rfb,1.48
5rfv,1.48
7k6d,1.48
5rl2,1.48
7kyu,1.48
7dvw,1.49
5c5o,1.5
5rf3,1.5
6lze,1.5
6m0k,1.5
7jr4,1.5
5amb,1.5
2vhs,1.5
6w02,1.5
6xip,1.5
1zva,1.5
6m1v,1.5
7lkt,1.5
7m8t,1.5
7oao,1.5
5rha,1.51
5rl3,1.51
5rfa,1.52
5rgz,1.52
2xu5,1.52
5rvo,1.52
5rvs,1.52
7n3d,1.52
7lm9,1.527
5rf2,1.53
5rfu,1.53
7jr3,1.53
5rl4,1.53
7mhg,1.53
7mhm,1.5302
5rf7,1.54
7mhl,1.5477
7mhf,1.5477
5rew,1.55
5rfx,1.55
7jme,1.55
7ay7,1.55
7lkv,1.55
7bf4,1.55
7kr1,1.55
7kxb,1.55
7kgr,1.55
7oaq,1.55
7lzt,1.55
7lmg,1.55
5rhe,1.56
5rgi,1.57
5rhd,1.57
6z5t,1.57
5r83,1.58
5rfh,1.58
5rft,1.58
5rg3,1.58
5rhc,1.58
6zpe,1.58
5rl5,1.58
7l5d,1.58
7kgs,1.58
7kri,1.58
3tnt,1.59
5r7z,1.59
7amj,1.59
7vh8,1.59
4mds,1.598
2h2z,1.6
4twy,1.6
5rev,1.6
5rh6,1.6
6xbh,1.6
7buy,1.6
7c6s,1.6
7ju7,1.6
7kfi,1.6
6f9t,1.6
6wrh,1.6
7d6h,1.6
5f22,1.6
2beq,1.6
2bez,1.6
7abu,1.6
7bb2,1.6
7jpy,1.6
7jpz,1.6
7lkx,1.6
7lzu,1.6
7lzv,1.6
7t4b,1.6
7vk1,1.6
7t42,1.6
5ref,1.61
5rf4,1.61
7jx6,1.61
7sjs,1.612
7f5f,1.6195
5n19,1.62
5rel,1.62
7rfr,1.626
5rea,1.63
5rg2,1.63
7k6e,1.63
7adw,1.63
7l10,1.63
7rc1,1.63
7tll,1.63
7dgf,1.639
5rfl,1.64
7mc5,1.64
7rc0,1.646
7rbz,1.649
2zu5,1.65
3v3m,1.65
5c5n,1.65
5r7y,1.65
5res,1.65
5rf0,1.65
5rg1,1.65
6xa4,1.65
5amc,1.65
7k3n,1.65
5y3e,1.65
5y3q,1.65
6wx4,1.65
6w2a,1.65
5rl1,1.65
7alh,1.65
7ali,1.65
7aww,1.65
7axo,1.65
7jq0,1.65
7jq1,1.65
7jq4,1.65
7k0f,1.65
7lkr,1.65
7lku,1.65
7oau,1.65
7m01,1.65
7lzx,1.65
7jp0,1.65
7e18,1.65
7baj,1.65
7qgi,1.65
7t45,1.65
7l14,1.659
7a1u,1.67
7p3d,1.67
7oru,1.67
7cuu,1.676
7dgb,1.678
5reb,1.68
5reg,1.68
5ret,1.68
5rfz,1.68
7aga,1.68
7aha,1.68
7be7,1.68
7bgp,1.68
7mc6,1.68
7lmj,1.686
3szn,1.69
5reu,1.69
5rfi,1.69
5rgx,1.69
5rh3,1.69
6yz6,1.69
6f9v,1.69
3kse,1.69
5rl0,1.69
7nev,1.69
7cb7,1.69
7dvp,1.69
7dw6,1.695
3ea8,1.696
2duc,1.7
4wy3,1.7
5rfs,1.7
5rgh,1.7
6m2q,1.7
6xbi,1.7
6xfn,1.7
6xmk,1.7
6z2e,1.7
7bqy,1.7
3of9,1.7
6vyo,1.7
1zv7,1.7
1zvb,1.7
7af0,1.7
7ans,1.7
7aqi,1.7
7lks,1.7
7lkw,1.7
7nbs,1.7
7mfu,1.7
7mng,1.7
7ein,1.7
7aeg,1.7
7m2p,1.7
7k0h,1.7
7vjy,1.7
7t43,1.7
7lmi,1.707
5rfr,1.71
5rh7,1.71
7jmp,1.712
5re9,1.72
5rej,1.72
5rg0,1.72
5rgs,1.72
5rh5,1.72
7kmh,1.72
7exm,1.72
7ofu,1.72
7dau,1.72
7qg7,1.72
7rfw,1.729
5rec,1.73
5rf1,1.73
7cx9,1.73
7jt0,1.73
7kmi,1.73
5rek,1.74
5rf5,1.74
5rfk,1.74
5rgo,1.74
7c7p,1.74
2nqd,1.74
7ntj,1.74
7m8x,1.74
2qcy,1.75
6y2e,1.75
6en5,1.75
2gib,1.75
7olz,1.75
7m04,1.75
7dpu,1.75
7m8y,1.75
7t49,1.75
5rfq,1.76
5rgl,1.76
5rhf,1.76
7lbn,1.76
7n5z,1.76
7f8l,1.76
5ree,1.77
7k7p,1.77
7b3e,1.77
7neh,1.77
7dav,1.77
2z94,1.78
5rff,1.78
7d1o,1.78
7ap6,1.78
7l6t,1.78
7m8m,1.78
7ltn,1.787
2z3c,1.79
5re7,1.79
5rez,1.79
7jyc,1.79
5rl9,1.79
3h8b,1.79
6wzu,1.79
7sgu,1.79
7orr,1.79
7m8z,1.79
7dvy,1.795
7dvx,1.797
2op9,1.8
5reh,1.8
5rfj,1.8
5rfn,1.8
6xb0,1.8
6xb1,1.8
6xhu,1.8
6xkf,1.8
7brp,1.8
7jp1,1.8
4c2o,1.8
4ufa,1.8
4ufb,1.8
5am9,1.8
5ama,1.8
6en6,1.8
6h5x,1.8
6qs1,1.8
1cs8,1.8
6jd0,1.8
1xak,1.8
6w4h,1.8
6wks,1.8
2fyg,1.8
2fav,1.8
7cdz,1.8
6yz5,1.8
7avd,1.8
7b83,1.8
7l11,1.8
7l12,1.8
7ltj,1.8
7n0i,1.8
7ng3,1.8
7m02,1.8
7t4a,1.8
7nwx,1.8
5re8,1.81
5rep,1.81
5rh8,1.81
7aws,1.81
7dw0,1.81
2gt7,1.82
5rei,1.82
5rgv,1.82
6wlc,1.82
5rm2,1.82
1uze,1.82
7n3c,1.82
7b62,1.82
7cut,1.82
7q0g,1.823
5r84,1.83
5rfo,1.83
5rgn,1.83
5rh2,1.83
7jsu,1.83
7r6w,1.83
5r81,1.84
5rm7,1.84
7bz5,1.84
7jw8,1.84
7mgs,1.84
2amd,1.85
2z9k,1.85
6wtm,1.85
6wxc,1.85
6x4i,1.85
4bzr,1.85
4ca5,1.85
6f9r,1.85
2fe8,1.85
6wqd,1.85
6wtc,1.85
2og3,1.85
6zbp,1.85
7jst,1.85
7mzi,1.85
7bal,1.85
7lcs,1.85
7lzy,1.85
7rn4,1.85
7k0g,1.85
7lmh,1.85
2gz7,1.856
1q2w,1.86
2z9g,1.86
5rlm,1.86
7mbg,1.86
5re6,1.87
5rob,1.87
7kn5,1.87
7ng6,1.87
2a5i,1.88
5reo,1.88
5rer,1.88
5rlj,1.88
7rbr,1.88
5sag,1.88
7mhi,1.88
7mho,1.88
7ax6,1.888
2alv,1.89
3snd,1.89
5re4,1.89
5rl7,1.89
5rm1,1.89
5rma,1.89
7ejl,1.89
7dgi,1.898
1uj1,1.9
2c3s,1.9
2qiq,1.9
5rfy,1.9
6wtj,1.9
6xqs,1.9
6y7m,1.9
7cwb,1.9
6w01,1.9
5am8,1.9
6f9u,1.9
1mhw,1.9
7jq5,1.9
7lyh,1.9
7lyi,1.9
7lfz,1.9
7kgt,1.9
7ntk,1.9
7d7k,1.9
7ofs,1.9
7n7r,1.9
7oap,1.9
7s3n,1.9
7k0e,1.9
7s3k,1.9
7lco,1.9
7dk1,1.9
7rmb,1.9
7lcp,1.9
7t48,1.9
7vjz,1.9
5rh9,1.91
7c2y,1.91
5rm0,1.91
4ca6,1.91
7nio,1.91
7n83,1.91
7ean,1.91
7rfs,1.91
5r80,1.92
5rh0,1.92
5rl6,1.92
5rlc,1.92
5rmd,1.92
4axl,1.92
5sa9,1.92
7spo,1.92
2gx4,1.93
2zu4,1.93
7c2q,1.93
7jn2,1.93
7nby,1.93
7lct,1.93
7lm8,1.936
6lo0,1.939
6zsl,1.94
1zv8,1.94
7jt7,1.94
5s71,1.94
7n44,1.94
7nf5,1.94
7mgr,1.94
7ps4,1.94
2hob,1.95
2v6n,1.95
2z9j,1.95
3vb5,1.95
3vb7,1.95
6y2f,1.95
7jox,1.95
7khp,1.95
5rlk,1.95
6w75,1.95
7jit,1.95
6z4u,1.95
7vnu,1.95
7oft,1.95
7sgw,1.95
7lyj,1.95
7nx8,1.95
7orv,1.95
7orw,1.95
7r7h,1.95
7m91,1.95
5rem,1.96
5rey,1.96
5rh1,1.96
5rlg,1.96
7n7u,1.96
5sad,1.96
7dhj,1.96
7m8n,1.96
7mhk,1.96
7lmd,1.96
7spp,1.96
7mhq,1.9601
7dgh,1.968
2gz8,1.97
6x1b,1.97
5rlw,1.97
5rlz,1.97
2xy9,1.97
7d47,1.97
7d2z,1.97
5rgy,1.98
5rlb,1.98
6wkq,1.98
7l6r,1.98
3sn8,1.99
3tit,1.99
3tns,1.99
6m03,1.99
3nxq,1.99
4aph,1.99
4c2p,1.99
7dqz,1.99
7e9t,10.9
7dk5,13.5
1wof,2.0
2bx3,2.0
2gt8,2.0
2gtb,2.0
3aw1,2.0
5n5o,2.0
6wtk,2.0
7bro,2.0
7c6u,2.0
7d3i,2.0
7joy,2.0
1o86,2.0
1o8a,2.0
1uzf,2.0
2iul,2.0
1icf,2.0
2xyq,2.0
3r24,2.0
6w61,2.0
6wjt,2.0
6wvn,2.0
7kok,2.0
6yhu,2.0
6wxd,2.0
7c22,2.0
7arf,2.0
6z6i,2.0
7bf3,2.0
7de1,2.0
7b3o,2.0
7f2b,2.0
7sqe,2.0
7sgv,2.0
7mzg,2.0
7p3e,2.0
7rm2,2.0
7rme,2.0
7mhj,2.0
7rmt,2.0
7s4b,2.0
7s3s,2.0
7m00,2.0
7si9,2.0
7rls,2.0
7lkd,2.0
7m03,2.0
7dgg,2.0
7ldl,2.0
7n89,2.0
7lzz,2.0
7rnh,2.0
7te0,2.0
7vk2,2.0
7mhp,2.0005
6vxs,2.01
7qik,2.01
5rmh,2.02
6f06,2.02
7koj,2.02
7m1y,2.02
5sai,2.02
5rfp,2.03
5sac,2.03
7n3i,2.03
5rgm,2.04
7jtl,2.04
7bek,2.04
7rzc,2.04
7s4s,2.04
6yt8,2.05
7c8t,2.05
2xyv,2.05
7jyy,2.05
7jiv,2.05
6w9q,2.05
6wji,2.05
7bfb,2.05
7bf5,2.05
7lw3,2.05
5sa4,2.05
7rtd,2.05
7bak,2.05
5rfm,2.06
5rm5,2.06
7n1a,2.065
7ntv,2.065
5re5,2.07
5rex,2.07
5rgp,2.07
5rm9,2.07
7awu,2.07
2a5a,2.08
3tiu,2.08
5rll,2.08
5rmk,2.08
7kjr,2.08
7cr5,2.08
4hi3,2.09
5rm3,2.09
7jir,2.09
7kvl,2.09
7mlx,2.09
7n7y,2.09
5sa5,2.09
7e8m,2.09
7mf1,2.092
2z3d,2.1
2z9l,2.1
3m3v,2.1
6w63,2.1
6xb2,2.1
6xoa,2.1
6zrt,2.1
6zru,2.1
7cwc,2.1
5rlo,2.1
5rmj,2.1
3bkk,2.1
4bzs,2.1
6wq3,2.1
2g9t,2.1
4ow0,2.1
7cjf,2.1
7jq3,2.1
7d30,2.1
7kfv,2.1
7deu,2.1
7mzh,2.1
7faz,2.1
7fay,2.1
7dpp,2.1
7lme,2.1
7rnk,2.1
7rmz,2.1
7l8i,2.1
7nw2,2.1
7vk4,2.1
7nxh,2.1
7vk3,2.1
7vk0,2.1
7vk5,2.1
5rgu,2.11
5rmg,2.11
5rmi,2.11
7d7l,2.11
5saf,2.11
7kvr,2.12
5sae,2.12
5rm6,2.13
5ren,2.14
5rm8,2.14
7nt2,2.14
7nab,2.14
5rgq,2.15
6wtt,2.15
5rln,2.15
5rmc,2.15
2xyd,2.15
7jz0,2.15
7c8v,2.15
7bf6,2.15
7kgo,2.15
7n7w,2.15
7e19,2.15
7mbi,2.15
7lcq,2.15
7kfy,2.157
6lu7,2.16
6ywm,2.16
7kmg,2.16
5sah,2.16
7cot,2.16
2gz9,2.17
7l13,2.17
7rqg,2.17
7ddc,2.175
3bkl,2.18
7jpe,2.18
7neg,2.19
7nuk,2.19
7mhh,2.19
7m90,2.19
7mhn,2.1908
6m2n,2.198
1uk2,2.2
3eaj,2.2
3vb3,2.2
3vb4,2.2
5b6o,2.2
6xch,2.2
6xqu,2.2
6y2g,2.2
7c8b,2.2
7jvz,2.2
6vww,2.2
5rmb,2.2
5rmm,2.2
1r42,2.2
4bxk,2.2
1cjl,2.2
3bc3,2.2
3iv2,2.2
3of8,2.2
6woj,2.2
6ywk,2.2
1wyy,2.2
2ghv,2.2
5x4s,2.2
6waq,2.2
7lfp,2.2
7lbr,2.2
7ci3,2.2
7o7y,2.2
7dhg,2.2
7n06,2.2
7lxy,2.2
6x45,2.2
7det,2.2
7n4j,2.2
7lmf,2.2
7lzw,2.2
7t9w,2.2
7vk7,2.2
7vjx,2.2
7vk6,2.2
7vjw,2.2
5rl8,2.21
5rlv,2.21
5rgt,2.22
2w2g,2.22
7kfx,2.22
5sa7,2.22
5rld,2.23
5rlq,2.23
5rme,2.23
5rmf,2.23
7ldx,2.23
7lw4,2.23
7lfv,2.23
7m8p,2.23
5rlf,2.24
5saa,2.24
6lnq,2.244
6lny,2.245
7lop,2.246
2vj1,2.25
5rgg,2.25
7com,2.25
7k1l,2.25
5rli,2.25
2oc2,2.25
6wrz,2.25
6xkm,2.25
7jhe,2.25
7mzk,2.25
7kn3,2.25
7nx6,2.25
7rn0,2.25
7p35,2.256
7ps6,2.26
5rle,2.27
7vnb,2.27
7c53,2.278
5rls,2.28
5s6z,2.28
7n4i,2.28
7eo8,2.28
2ghw,2.29
7lfu,2.29
7msq,2.29
7lg0,2.296
7nkt,2.297
2a5k,2.3
2amq,2.3
3atw,2.3
3aw0,2.3
3ea9,2.3
3f9f,2.3
3m3s,2.3
6wqf,2.3
6xqt,2.3
7c8r,2.3
3l3n,2.3
4c2r,2.3
7jiw,2.3
2ahm,2.3
2dd8,2.3
7lg3,2.3
6z72,2.3
7lg7,2.3
7llf,2.3
7beh,2.3
7bei,2.3
7kgj,2.3
5sa8,2.3
7n6d,2.3
7mzm,2.3
7n8h,2.3
7nx7,2.3
7dhx,2.3
7n1e,2.3
6iex,2.3
7mpb,2.3
7rn1,2.3
7sxt,2.31
2z3e,2.32
5rfg,2.32
5rlr,2.32
5s6x,2.32
5s6y,2.32
7nt3,2.32
7mrr,2.32
3hwn,2.33
6xc4,2.33
5s70,2.33
6ezx,2.34
7oay,2.34
7or9,2.34
7cbt,2.346
3fzd,2.35
7c8u,2.35
6xdh,2.35
5rlu,2.35
7jmo,2.35
7bnv,2.35
7m8s,2.35
7dpv,2.35
7chp,2.357
7ldj,2.36
7bq7,2.37
5rlh,2.38
7nng,2.38
7q0i,2.386
7l0d,2.39
7n1f,2.39
7djz,2.397
1uk3,2.4
2q6g,2.4
3ebn,2.4
3snb,2.4
7koa,2.4
7k1o,2.4
2ydm,2.4
4c2q,2.4
6yz1,2.4
6wc1,2.4
6xlu,2.4
7chb,2.4
7nbr,2.4
7lg2,2.4
7e35,2.4
7o7z,2.4
7nx9,2.4
7sob,2.4
7so9,2.4
7ekh,2.4
7mzj,2.4
7chs,2.4
7dg6,2.4
7qnw,2.4
7ps1,2.4
7vk8,2.4
4tww,2.41
7e7y,2.41
5rml,2.42
6yla,2.42
7bej,2.42
7kqb,2.42
7mmo,2.427
3e91,2.43
5rlt,2.43
5rly,2.43
3h89,2.43
5tl7,2.44
7lgo,2.44
7m8o,2.44
6m0j,2.45
7l8j,2.45
7ca8,2.45
7d64,2.45
7t9k,2.45
3avz,2.46
7lo4,2.46
6lvn,2.469
6xg3,2.48
7jrn,2.48
7me0,2.48
5sab,2.49
7mzf,2.49
7efr,2.49
7vpg,2.49
7aku,2.491
6m5i,2.496
1uk4,2.5
2pwx,2.5
3ea7,2.5
3f9e,2.5
3vb6,2.5
6lzg,2.5
3h8c,2.5
3k24,2.5
2xyr,2.5
7c2i,2.5
3e9s,2.5
4ovz,2.5
6ywl,2.5
7cjd,2.5
2cjr,2.5
7aap,2.5
7bv2,2.5
7ben,2.5
7jwy,2.5
7n33,2.5
7n0d,2.5
7nxa,2.5
7l7d,2.5
7deo,2.5
7orb,2.5
7ly2,2.5
7rfu,2.5
7mlg,2.5
5s72,2.51
7r98,2.51
7e3o,2.51
7bem,2.52
5sa6,2.52
7bel,2.53
6zct,2.55
6xkq,2.55
7kn6,2.55
5rlp,2.56
7cho,2.56
7d4f,2.57
7kx5,2.57
7dcd,2.57
3snc,2.58
7kol,2.58
4c2n,2.59
7cmd,2.59
7aqj,2.59
7keh,2.59
7sy5,2.59
3f9g,2.6
3sne,2.6
2h85,2.6
7k9p,2.6
4apj,2.6
6zlw,2.6
6zmi,2.6
3ee7,2.6
6zge,2.6
7k43,2.6
7kgk,2.6
7klw,2.6
7ora,2.6
7r8l,2.6
7rtr,2.6
7e7b,2.6
7ly0,2.6
7mtc,2.6
7lxz,2.6
7doi,2.6
7mlf,2.6
7kf4,2.61
7bep,2.61
7sxz,2.61
5tl6,2.618
7b18,2.62
7ekg,2.63
7cz4,2.64
6zcz,2.64
7sxs,2.64
7jib,2.65
3mj5,2.65
7jx3,2.65
7m7w,2.65
7my2,2.65
7qip,2.65
2qc2,2.66
7kfj,2.66
7mjh,2.66
7m71,2.66
7sxx,2.66
7t9l,2.66
6wkp,2.67
7chf,2.67
7nxb,2.67
7rnj,2.67
6vw1,2.68
6jyt,2.69
7diy,2.69
7efp,2.69
7lke,2.69
7kn4,2.697
6xc3,2.698
2d2d,2.7
3d62,2.7
6zm7,2.7
2ga6,2.7
6w9c,2.7
6xaa,2.7
7jlt,2.7
1qz8,2.7
6m3m,2.7
1xjr,2.7
6x29,2.7
6xkp,2.7
6xm0,2.7
7ch5,2.7
7chc,2.7
7jzl,2.7
7jqb,2.7
7jn5,2.7
7czt,2.7
7df3,2.7
7dfg,2.7
7eke,2.7
7dwy,2.7
7v8a,2.7
7rks,2.7
7q6e,2.7
6z2m,2.71
7cm4,2.71
4axm,2.72
7krx,2.72
7sdr,2.72
7kn7,2.73
7mjk,2.73
7dok,2.73
7ti9,2.73
4mm3,2.75
6xe1,2.75
7a4n,2.75
7dat,2.75
7c8w,2.77
7kfw,2.77
7l0n,2.78
7e7x,2.78
2bx4,2.79
7c2j,2.79
6wuu,2.79
7lfe,2.79
7sxv,2.79
7t9j,2.79
7sxy,2.79
7vph,2.796
3m3t,2.8
2rhb,2.8
2ajf,2.8
2iux,2.8
3d0g,2.8
6zoj,2.8
6zok,2.8
2wct,2.8
1uw7,2.8
7bv1,2.8
1wnc,2.8
3bgf,2.8
6vxx,2.8
7kdk,2.8
7kvg,2.8
6zol,2.8
7lbs,2.8
7b3d,2.8
7czq,2.8
7czw,2.8
7czx,2.8
7nd9,2.8
7ekc,2.8
7m3i,2.8
7v89,2.8
7soe,2.8
7v7q,2.8
7lxw,2.8
7eu2,2.8
7v82,2.8
7e5o,2.8
7np1,2.8
7v83,2.8
7v86,2.8
7n6n,2.8
7dqa,2.8
7od3,2.8
7mji,2.81
7n1b,2.81
7mjg,2.81
7sy6,2.81
7sy7,2.81
7cyq,2.83
7kzb,2.83
7lwm,2.83
7mjm,2.83
7sy1,2.83
7lwl,2.84
7qny,2.84
5e6j,2.85
6wiq,2.85
6zb5,2.85
7bwj,2.85
7kkl,2.85
7lwo,2.85
7ekf,2.85
7nt1,2.85
7cam,2.85
7sxw,2.85
6xc7,2.88
7c01,2.88
7klh,2.88
7kqe,2.88
7jmw,2.89
7vmu,2.89
3f9h,2.9
2ozk,2.9
3d0i,2.9
3sci,2.9
6m17,2.9
6m18,2.9
6zp4,2.9
7k5i,2.9
6xa9,2.9
6w4b,2.9
6xdc,2.9
6m71,2.9
6yyt,2.9
7cxm,2.9
6lxt,2.9
6x79,2.9
6xm3,2.9
6xm4,2.9
6xr8,2.9
6zgi,2.9
7keg,2.9
7llz,2.9
7los,2.9
7bh9,2.9
7o80,2.9
7e86,2.9
7v7r,2.9
7b27,2.9
7v7e,2.9
7v7o,2.9
7v7p,2.9
7my3,2.9
7v7f,2.9
7f4w,2.9
7v7n,2.9
7s0b,2.9
7n1q,2.9
7dx8,2.9
6w37,2.9
7re1,2.91
7ad1,2.92
7lwk,2.92
7qnx,2.92
7ps0,2.92
7c2k,2.93
6zxn,2.93
7r6x,2.93
7cn4,2.93
7a29,2.94
7can,2.94
7lwn,2.94
7btf,2.95
7k9z,2.95
7m7b,2.95
7bwq,2.95
7mjl,2.95
7sy3,2.95
5rm4,2.96
7cdi,2.96
7kdl,2.96
7lab,2.97
7dfh,2.97
7l2e,2.97
7lmc,2.977
7rbs,2.98
7rb0,2.98
7p77,2.98
7b0b,2.98
7e3j,2.99
7ps2,2.99
6zow,3
7lww,3
1r4l,3.0
2c6f,3.0
2c6n,3.0
3scj,3.0
3sck,3.0
3scl,3.0
6j8e,3.0
6zme,3.0
6zmt,3.0
6zon,3.0
6xra,3.0
6zox,3.0
6zp0,3.0
7c8d,3.0
7jv6,3.0
7czp,3.0
7d00,3.0
7ddd,3.0
7dte,3.0
7oan,3.0
7k9j,3.0
7v84,3.0
7v7t,3.0
7v7u,3.0
7v7s,3.0
7v7d,3.0
7l7e,3.0
7lxx,3.0
7dx6,3.0
7m6d,3.0
7ly3,3.0
7n8i,3.0
7n3k,3.0
7wbp,3.0
7dk2,3.0
7sxu,3.00
7sy0,3.00
7sxr,3.00
7kdg,3.01
7lwp,3.01
7n0g,3.02
7qo7,3.02
6zb4,3.03
7kkk,3.03
7odl,3.03
7nn0,3.04
3sna,3.05
7kdt,3.05
7klg,3.05
7a25,3.06
7sn0,3.06
7lwi,3.07
6w41,3.08
7ke9,3.08
6zlr,3.09
7drv,3.09
7f2e,3.098
3d0h,3.1
6kzp,3.1
6zmo,3.1
6nur,3.1
6wps,3.1
6xm5,3.1
6zoy,3.1
6zp2,3.1
6zp5,3.1
7c2l,3.1
7jzn,3.1
7jzu,3.1
7ke6,3.1
7b3b,3.1
7l09,3.1
7rdy,3.1
7rdx,3.1
7o81,3.1
7mzn,3.1
7dx1,3.1
7soa,3.1
7v7v,3.1
7v7z,3.1
7ra8,3.1
7v7g,3.1
7sbp,3.1
7sbk,3.1
7wk2,3.1
7w92,3.1
7fce,3.1
7sn3,3.1
7pry,3.1
7w9e,3.1
6du8,3.11
6xc2,3.11
7n1t,3.11
7sy2,3.11
7lwv,3.12
7rr0,3.12
7fdi,3.12
7kag,3.13
7cyv,3.13
7p7b,3.13
7nxc,3.14
7e88,3.14
7k9k,3.14
7n1u,3.14
7ps5,3.14
7sy8,3.14
7d7t,3.15
7ch4,3.15
7msx,3.15
7mm0,3.15
7e8c,3.16
7mkm,3.16
7re2,3.17
6yva,3.18
7c8j,3.18
7l5b,3.18
7n9t,3.18
7e8f,3.18
7beo,3.19
7km5,3.19
7lwt,3.19
7dk0,3.199
3iwm,3.2
5c8t,3.2
6agf,3.2
6j8g,3.2
6j8h,3.2
6j8i,3.2
6j8j,3.2
6zn5,3.2
7cjm,3.2
7ctt,3.2
5x58,3.2
6crv,3.2
6vyb,3.2
6x2c,3.2
7k8m,3.2
7cwn,3.2
7czz,3.2
7d03,3.2
7dmu,3.2
7l02,3.2
7ozv,3.2
7krp,3.2
7e7d,3.2
7krs,3.2
7sod,3.2
7v8b,3.2
7vxe,3.2
7v7h,3.2
7edf,3.2
7mte,3.2
7rku,3.2
7dx0,3.2
7v81,3.2
7v76,3.2
7edg,3.2
7n6e,3.2
7w9c,3.2
7tas,3.2
7tat,3.2
7prz,3.2
7mkl,3.20
7ey0,3.20
7k9h,3.20
6xkl,3.21
7ke4,3.21
7n1v,3.21
6x6p,3.22
7lwu,3.22
7lws,3.22
7k90,3.24
7l7f,3.24
7n5h,3.24
7lwj,3.24
6xey,3.25
7lqv,3.25
7s0c,3.25
7bzf,3.26
7kdi,3.26
7ke8,3.26
7l3n,3.27
7rb2,3.27
7jvb,3.287
6yz7,3.29
7l7k,3.29
7mjn,3.29
7tb4,3.29
5c8s,3.3
3kbh,3.3
6kzo,3.3
5zvm,3.3
6crz,3.3
6x2a,3.3
6z43,3.3
6zp1,3.3
6zp7,3.3
7jvc,3.3
7k4n,3.3
7k0r,3.3
7jqc,3.3
7czv,3.3
7czy,3.3
7dpm,3.3
7l06,3.3
7nda,3.3
7ozu,3.3
7dwz,3.3
7ezv,3.3
7dx2,3.3
7v77,3.3
7k9i,3.3
7dx5,3.3
7v88,3.3
7edj,3.3
7edi,3.3
7e23,3.3
7v7i,3.3
7v79,3.3
7soc,3.3
7m42,3.3
7v85,3.3
7v87,3.3
7m6e,3.3
7q9g,3.3
6zh9,3.31
7ke7,3.32
7mjj,3.32
7lyo,3.32
7p78,3.32
7lyn,3.32
7kdh,3.33
7kea,3.33
7ksg,3.33
7re3,3.33
7n1w,3.33
7lyq,3.34
7n0h,3.34
7wbq,3.34
7lcn,3.35
7egq,3.35
7sy4,3.35
7nt9,3.36
5nfy,3.382
7kmb,3.39
7cdj,3.396
5c8u,3.4
6nq2,3.4
6nt3,3.4
6xqb,3.4
6z97,3.4
7jv4,3.4
7k8s,3.4
7k8t,3.4
7kj4,3.4
7b3c,3.4
7cws,3.4
7czu,3.4
7d0c,3.4
7ld1,3.4
7nd5,3.4
7krn,3.4
7n0c,3.4
7eb5,3.4
7krq,3.4
7ey5,3.4
7v8c,3.4
7r8m,3.4
7dx7,3.4
7v7j,3.4
7v7a,3.4
7v78,3.4
7sbl,3.4
7v2a,3.4
7lq7,3.4
7w94,3.4
7w9b,3.4
7w9i,3.4
7wbl,3.4
7w99,3.4
7vxi,3.4
7wk3,3.4
7d6i,3.41
7che,3.416
6xcm,3.42
7laa,3.42
7ls9,3.42
7n4l,3.43
7sg4,3.43
7l2c,3.44
7lwq,3.44
7lx5,3.44
6xf5,3.45
7dzw,3.45
7rkv,3.45
6vsb,3.46
7keb,3.48
7m8j,3.48
7cai,3.49
7chh,3.49
7kdj,3.49
6xez,3.5
6n4i,3.5
6nq1,3.5
6nt4,3.5
6nus,3.5
6zoz,3.5
6zwv,3.5
7jv2,3.5
7jzm,3.5
7k8z,3.5
6yxj,3.5
7bnn,3.5
7cwu,3.5
7czr,3.5
7nd8,3.5
7re0,3.5
7vx1,3.5
7ej5,3.5
7cyp,3.5
7mtd,3.5
7eaz,3.5
7krr,3.5
7rw2,3.5
7nta,3.5
7p40,3.5
7vne,3.5
7dx3,3.5
7r8o,3.5
7n9a,3.5
7eb4,3.5
7s0d,3.5
7cab,3.52
7n9e,3.52
7m0j,3.52
5ek0,3.53
6x2g,3.53
7dzx,3.53
7lrt,3.54
7rpv,3.54
7cac,3.55
7r8n,3.55
7l2d,3.55
7mej,3.55
7lym,3.57
7n4m,3.57
7cak,3.58
7mdw,3.58
7e5y,3.59
6n4q,3.6
6acc,3.6
6x2b,3.6
7a91,3.6
7jji,3.6
7jva,3.6
7k8w,3.6
7kj2,3.6
7kj5,3.6
7bnm,3.6
7cwm,3.6
7czs,3.6
7nd4,3.6
7nd7,3.6
7rdz,3.6
7kro,3.6
7e3l,3.6
7vx7,3.6
7dx4,3.6
7l56,3.6
7e5s,3.6
7vnd,3.6
7sof,3.6
7e5r,3.6
7eb0,3.6
7vxf,3.6
7ej4,3.6
7ntc,3.6
7dx9,3.6
7eb3,3.6
7rxd,3.6
7edh,3.6
7f62,3.6
7w9f,3.6
7vxm,3.6
7w98,3.6
7q9f,3.6
7dzy,3.60
7wk8,3.61
7kmz,3.62
7kms,3.64
7wka,3.64
7m4r,3.65
7lyk,3.65
7q0h,3.65
7fae,3.65
6xcn,3.66
7ljr,3.66
7ey4,3.69
7fdk,3.69
7fdg,3.69
7faf,3.69
6nq0,3.7
7bw4,3.7
5x5b,3.7
6wpt,3.7
6xs6,3.7
6zdh,3.7
6zhd,3.7
7a5r,3.7
7k45,3.7
7kj3,3.7
7nd3,3.7
7e39,3.7
7m6g,3.7
7sbq,3.7
7mzl,3.7
7cwt,3.7
7vnc,3.7
7vxk,3.7
7fet,3.7
7q9m,3.7
7n01,3.70
7mlz,3.71
7n9c,3.71
7lss,3.72
7fdh,3.72
7lyl,3.72
7me7,3.73
7knh,3.74
7msw,3.76
7eya,3.77
7b14,3.79
5xlr,3.8
6cs0,3.8
6zer,3.8
6zgg,3.8
7k8u,3.8
7k8v,3.8
7cwl,3.8
7d0d,3.8
7df4,3.8
7dk4,3.8
7kml,3.8
7sbs,3.8
7n9b,3.8
7vx5,3.8
7akj,3.8
7c33,3.83
7cxn,3.84
7byr,3.84
7kec,3.84
7kne,3.85
7v26,3.85
7qo9,3.88
7l1f,3.89
7lrs,3.89
6acd,3.9
6crw,3.9
6crx,3.9
6xdg,3.9
7a5s,3.9
7a94,3.9
7cah,3.9
7k8x,3.9
6m3w,3.9
7cwo,3.9
7d0b,3.9
7n0b,3.9
7d4g,3.9
7f63,3.9
7m6f,3.9
7vxa,3.9
7fg3,3.9
7v80,3.9
7cyh,3.9
7vx4,3.9
7e3k,3.9
7ps7,3.9
7vxc,3.9
7fcd,3.9
7vxb,3.9
7l2f,3.90
7kni,3.91
7knb,3.93
6vsj,3.94
7r7n,3.95
7l4z,3.96
7ct5,4
7p79,4
6xf6,4.0
7vx9,4.0
7m6i,4.0
7akd,4.0
7n62,4.0
7vxd,4.0
7m6h,4.0
7eh5,4.0
7q9j,4.0
7n1x,4.00
7b17,4.01
7lyp,4.05
7kl9,4.1
7ndc,4.1
7fem,4.1
7opl,4.12
6acj,4.2
6n4r,4.2
6nb6,4.2
7a92,4.2
7bno,4.2
7kmk,4.2
7ndd,4.2
7e3c,4.2
7e3b,4.2
7n64,4.2
5wrg,4.3
7a95,4.3
7jw0,4.3
7dcc,4.3
7dk6,4.3
7sbo,4.3
7phg,4.3
7sbr,4.3
7sn2,4.3
7n1y,4.30
6ym0,4.36
6cs2,4.4
6zfo,4.4
7a97,4.4
7k8y,4.4
7fg2,4.4
7sbt,4.4
7lqw,4.47
6ack,4.5
6m1d,4.5
6nb7,4.5
7jjj,4.5
7q9k,4.5
7q9p,4.5
6cs1,4.6
7ndb,4.6
6zdg,4.7
7cn9,4.7
7ks9,4.75
7p7a,4.76
7a96,4.8
7s0e,4.9
7q9i,4.9
7kxk,5.0
7l58,5.07
6acg,5.4
7a98,5.4
7oyg,5.5
7dd2,5.6
7l57,5.87
7a93,5.9
7dcx,5.9
7dk3,6.0
7ddn,6.3
7kxj,6.4
6zgh,6.8
6xrz,6.9
7fg7,6.9
7nd6,7.3
7dd8,7.5
7dwx,8.3
7dk7,9.7
7ral,?
7m8k,?
7eiz,?
