pdb,rmsd
1q2w,
1uj1,
1uk2,
1uk3,
1uk4,
1wof,
1z1i,
1z1j,
2a5a,
2a5i,
2a5k,
2alv,
2amd,
2amq,
2bx3,
2bx4,
2c3s,
2d2d,
2duc,
2gt7,
2gt8,
2gtb,
2gx4,
2gz7,
2gz8,
2gz9,
2h2z,
2hob,
2k7x,
2liz,
2op9,
2pwx,
2q6g,
2qc2,
2qcy,
2qiq,
2v6n,
2vj1,
2z3c,
2z3d,
2z3e,
2z94,
2z9g,
2z9j,
2z9k,
2z9l,
2zu4,
2zu5,
3atw,
3avz,
3aw0,
3aw1,
3d62,
3e91,
3ea7,
3ea8,
3ea9,
3eaj,
3ebn,
3f9e,
3f9f,
3f9g,
3f9h,
3fzd,
3iwm,
3m3s,
3m3t,
3m3v,
3sn8,
3sna,
3snb,
3snc,
3snd,
3sne,
3szn,
3tit,
3tiu,
3tns,
3tnt,
3v3m,
3vb3,
3vb4,
3vb5,
3vb6,
3vb7,
4hi3,
4mds,
4tww,
4twy,
4wy3,
5b6o,
5c5n,
5c5o,
5n19,
5n5o,
5r7y,
5r7z,
5r80,
5r81,
5r82,
5r83,
5r84,
5r8t,
5re4,
5re5,
5re6,
5re7,
5re8,
5re9,
5rea,
5reb,
5rec,
5red,
5ree,
5ref,
5reg,
5reh,
5rei,
5rej,
5rek,
5rel,
5rem,
5ren,
5reo,
5rep,
5rer,
5res,
5ret,
5reu,
5rev,
5rew,
5rex,
5rey,
5rez,
5rf0,
5rf1,
5rf2,
5rf3,
5rf4,
5rf5,
5rf6,
5rf7,
5rf8,
5rf9,
5rfa,
5rfb,
5rfc,
5rfd,
5rfe,
5rff,
5rfg,
5rfh,
5rfi,
5rfj,
5rfk,
5rfl,
5rfm,
5rfn,
5rfo,
5rfp,
5rfq,
5rfr,
5rfs,
5rft,
5rfu,
5rfv,
5rfw,
5rfx,
5rfy,
5rfz,
5rg0,
5rg1,
5rg2,
5rg3,
5rgg,
5rgh,
5rgi,
5rgj,
5rgk,
5rgl,
5rgm,
5rgn,
5rgo,
5rgp,
5rgq,
5rgr,
5rgs,
5rgt,
5rgu,
5rgv,
5rgw,
5rgx,
5rgy,
5rgz,
5rh0,
5rh1,
5rh2,
5rh3,
5rh4,
5rh5,
5rh6,
5rh7,
5rh8,
5rh9,
5rha,
5rhb,
5rhc,
5rhd,
5rhe,
5rhf,
6lnq,
6lny,
6lo0,
6lu7,
6lze,
6m03,
6m0k,
6m2n,
6m2q,
6w63,
6w79,
6wnp,
6wqf,
6wtj,
6wtk,
6wtm,
6wtt,
6xa4,
6xb0,
6xb1,
6xb2,
6xbg,
6xbh,
6xbi,
6xch,
6xfn,
6xg2,
6xhm,
6xhu,
6xkf,
6xkh,
6xmk,
6xoa,
6xqs,
6xqt,
6xqu,
6xr3,
6y2e,
6y2f,
6y2g,
6y7m,
6y84,
6yb7,
6ynq,
6yt8,
6yvf,
6yz6,
6z2e,
6zrt,
6zru,
7aku,
7bqy,
7bro,
7brp,
7brr,
7buy,
7c2q,
7c2y,
7c6s,
7c6u,
7c7p,
7c8b,
7c8r,
7c8t,
7c8u,
7cbt,
7com,
7cwb,
7cwc,
7cx9,
7d1m,
7d1o,
7d3i,
7jkv,
7jox,
7joy,
7jp1,
7jr3,
7jr4,
7ju7,
7jun,
7jvz,
7jyc,
7k3t,
7k40,
7k6d,
7k6e,
7kfi,
7kfj,
7khp,
7koa,
7kph,
2h85,
2ozk,
2rhb,
6vww,
6w01,
6wlc,
6wxc,
6x1b,
6x4i,
6xdh,
7k1l,
7k1o,
7k9p,
5c8s,
5c8t,
5c8u,
5nfy,
6jyt,
5rl6,
5rl7,
5rl8,
5rl9,
5rlb,
5rlc,
5rld,
5rle,
5rlf,
5rlg,
5rlh,
5rli,
5rlj,
5rlk,
5rll,
5rlm,
5rln,
5rlo,
5rlp,
5rlq,
5rlr,
5rls,
5rlt,
5rlu,
5rlv,
5rlw,
5rly,
5rlz,
5rm0,
5rm1,
5rm2,
5rm3,
5rm4,
5rm5,
5rm6,
5rm7,
5rm8,
5rm9,
5rma,
5rmb,
5rmc,
5rmd,
5rme,
5rmf,
5rmg,
5rmh,
5rmi,
5rmj,
5rmk,
5rml,
5rmm,
6zsl,
6xez,
1o86,
1o8a,
1r42,
1r4l,
1uze,
1uzf,
2ajf,
2c6f,
2c6n,
2iul,
2iux,
2oc2,
2xy9,
2xyd,
2ydm,
3bkk,
3bkl,
3d0g,
3d0h,
3d0i,
3kbh,
3l3n,
3nxq,
3sci,
3scj,
3sck,
3scl,
4aph,
4apj,
4bxk,
4bzr,
4bzs,
4c2n,
4c2o,
4c2p,
4c2q,
4c2r,
4ca5,
4ca6,
4ufa,
4ufb,
5am8,
5am9,
5ama,
5amb,
5amc,
6acg,
6acj,
6ack,
6cs2,
6en5,
6en6,
6f9r,
6f9t,
6f9u,
6f9v,
6h5w,
6h5x,
6lzg,
6m0j,
6m17,
6m18,
6m1d,
6qs1,
6vw1,
1cjl,
1cs8,
1icf,
1mhw,
2nqd,
2vhs,
2xu1,
2xu3,
2xu4,
2xu5,
2yj2,
2yj8,
2yj9,
2yjb,
2yjc,
3bc3,
3h89,
3h8b,
3h8c,
3hha,
3hwn,
3iv2,
3k24,
3kse,
3of8,
3of9,
4axl,
4axm,
5f02,
5i4h,
5mae,
5maj,
5mqy,
6ezp,
6ezx,
6f06,
6jd0,
6jd8,
5ek0,
6agf,
6du8,
6j8e,
6j8g,
6j8h,
6j8i,
6j8j,
6kzo,
6kzp,
6n4i,
6n4q,
6n4r,
6nq0,
6nq1,
6nq2,
6nt3,
6nt4,
1xak,
1yo4,
2gdt,
2hsx,
6zlw,
6zm7,
6zme,
6zmi,
6zmo,
6zmt,
6zn5,
6zoj,
6zok,
6zon,
6zp4,
7k3n,
7k5i,
7k7p,
2xyq,
2xyr,
2xyv,
3r24,
6w4h,
6w61,
6w75,
6wjt,
6wkq,
6wks,
6wq3,
6wrz,
6wvn,
6xkm,
6yz1,
7bq7,
7c2i,
7c2j,
7jhe,
7jib,
7jpe,
7jyy,
7jz0,
2fyg,
2g9t,
2ga6,
6zct,
6zpe,
2acf,
2fav,
2fe8,
2gri,
2idy,
2jzd,
2jze,
2jzf,
2k87,
2kaf,
2kqv,
2kqw,
2rnk,
2w2g,
2wct,
3e9s,
3mj5,
4m0w,
4mm3,
4ovz,
4ow0,
5e6j,
5tl6,
5tl7,
5y3e,
5y3q,
6vxs,
6w02,
6w6y,
6w9c,
6wcf,
6wen,
6wey,
6woj,
6wrh,
6wuu,
6wx4,
6wzu,
6xa9,
6xaa,
6xg3,
6yva,
6ywk,
6ywl,
6ywm,
7c33,
7cjd,
7cjm,
7cmd,
7cz4,
7d47,
7d6h,
7d7t,
7jir,
7jit,
7jiv,
7jiw,
7jme,
7jn2,
7jrn,
7kag,
7kg3,
7koj,
7kok,
7kol,
1ysy,
2kys,
2ahm,
5f22,
6m5i,
6wiq,
6wqd,
6wtc,
6xip,
6yhu,
7jlt,
1qz8,
1uw7,
3ee7,
6w4b,
6w9q,
6wc1,
6wxd,
1ssk,
2cjr,
2gib,
2jw8,
2ofz,
2og3,
6m3m,
6vyo,
6wji,
6wkp,
6wzo,
6wzq,
6yi3,
6yun,
6zco,
7acs,
7act,
7c22,
7cdz,
7ce0,
6xdc,
7kjr,
7jtl,
7jx6,
6z4u,
7kdt,
2mm4,
5x29,
5xer,
5xes,
1xjr,
6xrz,
6nur,
6m71,
6x2g,
6xqb,
6yyt,
7aap,
7btf,
7bv1,
7bv2,
7bw4,
7bzf,
7c2k,
7ctt,
7cxm,
7cxn,
7d4f,
6nus,
1wnc,
1wyy,
1zv7,
1zv8,
1zva,
1zvb,
2beq,
2bez,
2dd8,
2fxp,
2ghv,
2ghw,
2rum,
2run,
3bgf,
5wrg,
5x4s,
5x58,
5x5b,
5xjk,
5xlr,
5zvm,
6acc,
6acd,
6crv,
6crw,
6crx,
6crz,
6cs0,
6cs1,
6nb6,
6nb7,
6waq,
6lvn,
6lxt,
6m1v,
6vsb,
6vsj,
6vxx,
6vyb,
6w41,
6wps,
6wpt,
6x29,
6x2a,
6x2b,
6x2c,
6x6p,
6x79,
6xc2,
6xc3,
6xc4,
6xc7,
6xcm,
6xcn,
6xdg,
6xe1,
6xey,
6xf5,
6xf6,
6xkl,
6xkp,
6xkq,
6xlu,
6xm0,
6xm3,
6xm4,
6xm5,
6xr8,
6xra,
6xs6,
6yla,
6ym0,
6yor,
6yz5,
6yz7,
6z2m,
6z43,
6z97,
6zb4,
6zb5,
6zbp,
6zcz,
6zdg,
6zdh,
6zer,
6zfo,
6zge,
6zgg,
6zgh,
6zgi,
6zh9,
6zhd,
6zow,
6zox,
6zoy,
6zoz,
6zp0,
6zp1,
6zp2,
6zp5,
6zp7,
6zwv,
6zxn,
7a29,
7a4n,
7a5r,
7a5s,
7a91,
7a92,
7a93,
7a94,
7a95,
7a96,
7a97,
7a98,
7ad1,
7bwj,
7byr,
7bz5,
7c01,
7c2l,
7c8d,
7c8v,
7c8w,
7cah,
7cai,
7cak,
7can,
7cdi,
7cdj,
7ch4,
7ch5,
7chb,
7chc,
7che,
7chf,
7chh,
7cjf,
7cn9,
7ct5,
7jji,
7jjj,
7jmo,
7jmp,
7jmw,
7jv2,
7jv4,
7jv6,
7jva,
7jvc,
7jw0,
7jwb,
7jx3,
7jzl,
7jzm,
7jzn,
7jzu,
7k43,
7k45,
7k4n,
7k8m,
7k8s,
7k8t,
7k8u,
7k8v,
7k8w,
7k8x,
7k8y,
7k8z,
7k90,
7k9z,
7kdg,
7kdh,
7kdi,
7kdj,
7kdk,
7kdl,
7ke4,
7ke6,
7ke7,
7ke8,
7ke9,
7kea,
7keb,
7kec,
7kj2,
7kj3,
7kj4,
7kj5,
7kkk,
7kkl,
7kl9,
6w2a,
6xhl,
6xhn,
6xho,
5rl0,
5rl1,
5rl2,
5rl3,
5rl4,
5rl5,
7a1u,
7abu,
7adw,
7af0,
7aga,
7aha,
7ak4,
7alh,
7ali,
7amj,
7ans,
7aol,
7ap6,
7aph,
7aqe,
7aqi,
7aqj,
7ar5,
7ar6,
7arf,
7avd,
7awr,
7aws,
7awu,
7aww,
7ax6,
7axm,
7axo,
7ay7,
7b3e,
7b83,
7bb2,
7be7,
7bfb,
7bgp,
7jpy,
7jpz,
7jq0,
7jq1,
7jq2,
7jq3,
7jq4,
7jq5,
7jst,
7jsu,
7jt0,
7jt7,
7jw8,
7k0f,
7kvg,
7kvl,
7kvr,
7kx5,
7kyu,
7l0d,
7l10,
7l11,
7l12,
7l13,
7l14,
7l5d,
7lb7,
7lbn,
7ldx,
7lfe,
7lfp,
7lkr,
7lks,
7lkt,
7lku,
7lkv,
7lkw,
7lkx,
7ltj,
7lyh,
7lyi,
7nbr,
7nbs,
7nby,
7nev,
5s6x,
5s6y,
5s6z,
5s70,
5s71,
5s72,
7k0r,
7keg,
7keh,
7kf4,
5rob,
7cyq,
7nio,
7lfz,
7lg0,
7lg2,
7lg3,
6zol,
7jqb,
7jqc,
7l6r,
7l6t,
6yxj,
5rs7,
5rs8,
5rs9,
5rsb,
5rsc,
5rsd,
5rse,
5rsf,
5rsg,
5rsh,
5rsi,
5rsj,
5rsk,
5rsl,
5rsm,
5rsn,
5rso,
5rsp,
5rsq,
5rsr,
5rss,
5rst,
5rsu,
5rsv,
5rsw,
5rsx,
5rsy,
5rsz,
5rt0,
5rt1,
5rt2,
5rt3,
5rt4,
5rt5,
5rt6,
5rt7,
5rt8,
5rt9,
5rta,
5rtb,
5rtc,
5rtd,
5rte,
5rtf,
5rtg,
5rth,
5rti,
5rtj,
5rtk,
5rtl,
5rtm,
5rtn,
5rto,
5rtp,
5rtq,
5rtr,
5rts,
5rtt,
5rtu,
5rtv,
5rtw,
5rtx,
5rty,
5rtz,
5ru0,
5ru1,
5ru2,
5ru3,
5ru4,
5ru5,
5ru6,
5ru7,
5ru8,
5ru9,
5rua,
5ruc,
5rud,
5rue,
5ruf,
5rug,
5ruh,
5rui,
5ruj,
5ruk,
5rul,
5rum,
5run,
5ruo,
5rup,
5ruq,
5rur,
5rus,
5rut,
5ruu,
5ruv,
5ruw,
5rux,
5ruy,
5ruz,
5rv0,
5rv1,
5rv2,
5rv3,
5rv4,
5rv5,
5rv6,
5rv7,
5rv8,
5rv9,
5rva,
5rvb,
5rvc,
5rvd,
5rve,
5rvf,
5rvg,
5rvh,
5rvi,
5rvj,
5rvk,
5rvl,
5rvm,
5rvn,
5rvo,
5rvp,
5rvq,
5rvr,
5rvs,
5rvt,
5rvu,
5rvv,
5s18,
5s1a,
5s1c,
5s1e,
5s1g,
5s1i,
5s1k,
5s1m,
5s1o,
5s1q,
5s1s,
5s1u,
5s1w,
5s1y,
5s20,
5s22,
5s24,
5s26,
5s27,
5s28,
5s29,
5s2a,
5s2b,
5s2c,
5s2d,
5s2e,
5s2f,
5s2g,
5s2h,
5s2i,
5s2j,
5s2k,
5s2l,
5s2m,
5s2n,
5s2o,
5s2p,
5s2q,
5s2r,
5s2s,
5s2t,
5s2u,
5s2v,
5s2w,
5s2x,
5s2y,
5s2z,
5s30,
5s31,
5s32,
5s33,
5s34,
5s35,
5s36,
5s37,
5s38,
5s39,
5s3a,
5s3b,
5s3c,
5s3d,
5s3e,
5s3f,
5s3g,
5s3h,
5s3i,
5s3j,
5s3k,
5s3l,
5s3m,
5s3n,
5s3o,
5s3p,
5s3q,
5s3r,
5s3s,
5s3t,
5s3u,
5s3v,
5s3w,
5s3x,
5s3y,
5s3z,
5s40,
5s41,
5s42,
5s43,
5s44,
5s45,
5s46,
5s47,
5s48,
5s49,
5s4a,
5s4b,
5s4c,
5s4d,
5s4e,
5s4f,
5s4g,
5s4h,
5s4i,
5s4j,
5s4k,
5s73,
5s74,
6z5t,
6z6i,
6z72,
7bf3,
7bf4,
7bf5,
7bf6,
7e35,
7kqo,
7kqp,
7kqw,
7kr0,
7kr1,
7krx,
7kxb,
7lbr,
7lbs,
7lg7,
7lgo,
7llf,
7llz,
7los,
7nfv,
7b3b,
7b3c,
7b3d,
7de1,
7kgo,
7kgp,
7kgq,
7kgr,
7kgs,
7kgt,
7ltu,
7lux,
7luz,
7lv2,
7ci3,
7l1f,
6m3w,
7jn5,
6zlr,
7a25,
7b17,
7b3o,
7beh,
7bei,
7bej,
7bek,
7bel,
7bem,
7ben,
7beo,
7bep,
7bh9,
7bnm,
7bnn,
7bno,
7c8j,
7cab,
7cac,
7cm4,
7cwl,
7cwm,
7cwn,
7cwo,
7cws,
7cwu,
7czp,
7czq,
7czr,
7czs,
7czt,
7czu,
7czv,
7czw,
7czx,
7czy,
7czz,
7d00,
7d03,
7d0b,
7d0c,
7d0d,
7d2z,
7d30,
7dcc,
7dcx,
7dd2,
7dd8,
7ddd,
7ddn,
7df3,
7df4,
7dk3,
7dk4,
7dk5,
7dk6,
7dk7,
7dmu,
7dpm,
7eam,
7jvb,
7jwy,
7kfv,
7kfw,
7kfx,
7kfy,
7kgj,
7kgk,
7klg,
7klh,
7klw,
7kmb,
7kmg,
7kmh,
7kmi,
7kmk,
7kml,
7kms,
7kmz,
7kn5,
7kn6,
7kn7,
7knb,
7kne,
7knh,
7kni,
7ks9,
7ksg,
7kxj,
7kxk,
7kzb,
7l02,
7l06,
7l09,
7l0n,
7l2c,
7l3n,
7l5b,
7l7f,
7l7k,
7laa,
7lab,
7lcn,
7ld1,
7lop,
7ls9,
7lss,
7nd3,
7nd4,
7nd5,
7nd6,
7nd7,
7nd8,
7nd9,
7nda,
7ndb,
7ndc,
7ndd,
7neg,
7neh,
7n0i,
7f2e,
7n0r,
7n3c,
7n3d,
7vnu,
7cr5,
7r98,
7f2b,
7lw4,
7lw3,
7msw,
7msx,
7exm,
7opl,
7dfh,
7ozv,
7ozu,
7dte,
7oyg,
7dfg,
7ntk,
7m4r,
7dcd,
7nng,
7nn0,
7krn,
7rdz,
7re0,
7re1,
7re3,
7rdy,
7rdx,
7kro,
7re2,
7krp,
7sdr,
7m1y,
7d7k,
7rbs,
7oft,
7d7l,
7ofs,
7sqe,
7sgu,
7rqg,
7rbr,
7sgw,
7rzc,
7sgv,
7ofu,
7lfv,
7lfu,
7mlx,
7lyj,
7o7z,
7mky,
7o7y,
7o81,
7o80,
7dhg,
5sa7,
5sab,
5sa9,
5saa,
7n83,
7n7u,
5sah,
5sae,
7n7r,
5saf,
5sa4,
7n06,
5sa8,
7me0,
5sa6,
5sad,
7n7w,
5sag,
5sac,
7n7y,
5sai,
7n33,
7rb2,
7rb0,
5sa5,
7n0d,
7diy,
7mc6,
7n0c,
7mc5,
7n0b,
7dwz,
7mji,
7p3d,
7n1f,
7ekc,
7lxy,
7e7d,
7e39,
7rtd,
7m53,
7vx1,
7lc8,
7ezv,
7vx9,
7mmo,
7nx9,
7vnb,
7nxc,
7krs,
7lyp,
7mlz,
7dzx,
7sod,
7e3o,
7lwu,
7mzg,
7b18,
7mzn,
7oan,
7eb5,
7lqv,
7dx1,
7ej5,
7lwp,
7sob,
7eke,
7mzk,
7dx2,
7krq,
7oay,
7e3l,
7lwv,
7djz,
7v8b,
7lww,
7v77,
7n9c,
7nx8,
7vx7,
7m6g,
7r6x,
7ey4,
7k9i,
7dx4,
7l56,
7lyk,
7mjh,
7soa,
7m6i,
7dx5,
7mjj,
7r8n,
7cho,
7l2d,
7e7y,
7lqw,
7r6w,
7lwl,
7d4g,
7ora,
7n01,
7mkl,
7ey5,
7v88,
7m3i,
7ljr,
7e86,
7r8l,
7fg7,
7e5s,
7vnd,
7v89,
7akd,
7mdw,
7e88,
7n6d,
7rtr,
7v7r,
7dwy,
7cyv,
7cyp,
7so9,
7v7v,
7b27,
7mtd,
7sof,
7vxe,
7v7e,
7bnv,
7n62,
7lyq,
7kn3,
7sbq,
7mzl,
7v7h,
7m8u,
7edj,
7edi,
7chp,
7v7o,
7k9j,
7c53,
7v8c,
7v7z,
7l58,
7lyo,
7mf1,
7fdh,
7nxb,
7n1v,
7n1y,
7mzm,
7me7,
7e7b,
7sbs,
7soe,
7e5r,
7m8t,
7v7p,
7km5,
7eb0,
7d6i,
7lwq,
7eaz,
7e3c,
7or9,
7r8m,
7ly0,
7rnj,
7n1w,
7mtc,
7f63,
7krr,
7n9b,
7kn4,
7e3b,
7rr0,
7mzf,
7vxd,
7efr,
7my3,
7mej,
7n1b,
7deu,
7lwk,
7n9e,
7dzw,
7rw2,
7vxf,
7fg2,
7vx5,
7ej4,
7cot,
7lwn,
7edf,
7e23,
7lo4,
7e5y,
7nxa,
7s0c,
7mte,
7e8c,
7ey0,
7v84,
7nta,
6x45,
7rku,
7lym,
7lwt,
7p77,
7lx5,
7lrt,
7ra8,
7k9k,
7lws,
7p40,
7v7i,
7dx7,
7m8j,
7v8a,
7e9t,
7n0h,
7v7f,
7sbt,
7nx6,
7v7j,
7v7t,
7v7u,
7oau,
7l7d,
7sbo,
7v79,
7lwm,
7phg,
7sbr,
7n4i,
7ntc,
7lyl,
7ean,
7m7w,
7m6f,
7soc,
7v7s,
7dx0,
7lm8,
7m6h,
7f4w,
7v7q,
7v7d,
7lrs,
7ral,
7b62,
7ekh,
7vxa,
7lxw,
7dwx,
7n1x,
7r7n,
7n4l,
7v7g,
7v7n,
7e7x,
7kqe,
7fdi,
7mfu,
7s4s,
7l2f,
7m42,
7deo,
7eu2,
7p78,
7sbp,
7v81,
7vne,
7dx3,
7p7b,
7lwo,
7dk0,
7s0b,
7p79,
7eya,
7vmu,
7v7a,
7orb,
7mzj,
7cwt,
7n1q,
7l7e,
7dzy,
7v76,
7mjg,
7e3j,
7v78,
7dx9,
7det,
7p7a,
7n1u,
7mzi,
7ldj,
7n1a,
7vnc,
7m8s,
7m71,
7n4m,
7efp,
7v26,
7sbl,
7mjk,
7sbk,
7fg3,
7dx8,
7eh5,
7lxx,
7n4j,
7lwi,
7dx6,
7v85,
7n8h,
7m6d,
7v82,
7olz,
7e5o,
7n1t,
7v80,
7ekf,
7oap,
7ekg,
7l4z,
7ly2,
7m7b,
7e8m,
7fdk,
7l2e,
7ly3,
7mzh,
7my2,
7n3i,
7nx7,
7lxz,
7m8k,
7b0b,
7cyh,
7fdg,
7vx4,
7v87,
7s0e,
7v2a,
7oaq,
7edg,
7n6e,
7np1,
7b14,
7n0g,
7r8o,
7n8i,
7mkm,
7n9t,
7lyn,
7eb3,
7v83,
7v86,
7l57,
7k9h,
7dhx,
7n9a,
7lq7,
7my8,
7e3k,
7n5h,
7kqb,
7r95,
7m6e,
7chs,
7rxd,
7ek6,
7nt9,
7n64,
7lwj,
7m0j,
7eb4,
7mjm,
7rkv,
7s3n,
7s0d,
7n1e,
7edh,
7mm0,
7e8f,
7f62,
7oao,
7rks,
7sg4,
7lm9,
7cn4,
7drv,
7akj,
7eiz,
7egq,
7orv,
7orw,
7orr,
7oru,
7kri,
7bwq,
7n3k,
6iex,
7p3e,
7ntj,
7eq4,
7rm2,
7nt3,
7lmf,
7rme,
7rfw,
7lke,
7m8o,
7cuu,
7l8j,
7k0e,
7m04,
7mpb,
7dhj,
7ltn,
7dgf,
7mjl,
7s3k,
7cut,
7vh8,
7lzt,
7nkt,
7bal,
7m01,
7lct,
7rbz,
7mhi,
7m8n,
7nuk,
7mng,
7faz,
7p35,
7ng3,
7dg6,
7n44,
7ein,
7ca8,
7mhn,
7n5z,
7nt2,
7ntv,
7ddc,
7dgb,
7mhj,
7mbg,
7rc0,
7mhg,
7mjn,
7rmt,
7m8m,
7lzx,
7s4b,
7fay,
7mhh,
7rfr,
7dpv,
7s3s,
7lcs,
7bak,
7r7h,
7cb7,
7m00,
7lco,
7lzw,
7dk1,
7jp0,
7m8p,
7dau,
7lzy,
7dpp,
7si9,
7lme,
7mhl,
7p51,
7aeg,
7lzu,
7rls,
7n6n,
7nt1,
7rn1,
7lkd,
7nf5,
7dat,
7mhk,
7e18,
7mgr,
7mho,
7mgs,
7m03,
7rmb,
7m8z,
7baj,
7m8x,
7lmc,
7dgh,
7mhp,
7dgg,
7m90,
7dav,
7ldl,
7aeh,
7e19,
7dpu,
7ng6,
7d64,
7m8y,
7rnk,
7mhm,
7m2p,
7rfu,
7cam,
7lzv,
7nts,
7lmd,
7dgi,
7djr,
7mrr,
7n89,
7rmz,
7rn0,
7rn4,
7mhf,
7l8i,
7lzz,
7m91,
7n8c,
7nw2,
7rnh,
7m02,
7mbi,
7rfs,
7mhq,
7lcq,
7k0h,
7k0g,
7eo8,
7lcp,
7lmh,
7lmg,
7lmi,
7dqz,
7rc1,
7lmj,
7qip,
7qik,
7vph,
7vpg,
7dok,
7doi,
7qg7,
7t9w,
7thh,
7ti9,
7f5f,
7sy4,
7sxv,
7w94,
7sxu,
7qnx,
7w9b,
7q9k,
7ps5,
7nab,
7sxs,
7sy0,
7sxx,
7ps2,
7vxk,
7t9j,
7wk2,
7w9f,
7w9c,
7sxy,
7wev,
7t9l,
7qo7,
7q9j,
7w9i,
7faf,
7qnw,
7vxm,
7ps0,
7q0i,
7dqa,
7sxt,
7wbl,
7w92,
7sn0,
7rpv,
7sy5,
7fce,
7sy3,
7sxz,
7w98,
7msq,
7sn2,
7t9k,
7sn3,
7pry,
7sxw,
7wbq,
7sy1,
7sxr,
7od3,
7ps6,
7sjs,
7q9f,
7fet,
7ps7,
7qny,
7w99,
7spp,
7ps4,
7q9m,
7sy6,
7q0h,
7w9e,
7wka,
7vxc,
7wbp,
7q9p,
7ps1,
7tas,
7fem,
7sy8,
7fcd,
7sy2,
7qo9,
7tb4,
7dk2,
7wk8,
7sy7,
7q9g,
7tat,
7q0g,
7vxb,
7odl,
7spo,
7q6e,
7fae,
7vxi,
7prz,
7ejl,
7q9i,
7wk3,
6w37,
7pku,
7qgi,
7f8l,
7t48,
7tll,
7dvy,
7t49,
7vjy,
7vk4,
7t4b,
7mlg,
7vk8,
7vk7,
7t4a,
7vjx,
7vk6,
7nxh,
7nwx,
7t43,
7vjw,
7vjz,
7vk3,
7te0,
7vk0,
7dw0,
7dvx,
7vk2,
7t44,
7mlf,
7dvp,
7dvw,
7vk5,
7t46,
7vk1,
7dw6,
7t45,
7t42,
7k3g,0.0
